site_id,position,bin
0,81.0,syn
1,172.0,tes
2,410.0,syn
3,627.0,syn
4,658.0,syn
5,670.0,syn
6,676.0,syn
7,835.0,syn
8,909.0,tes
9,941.0,syn
10,1140.0,syn
11,1218.0,syn
12,1247.0,syn
13,1361.0,tes
14,1368.0,syn
15,1381.0,syn
16,1533.0,tes
17,1557.0,tes
18,2129.0,syn
19,2357.0,syn
20,2452.0,syn
21,2537.0,tes
22,2725.0,syn
23,2939.0,syn
24,3008.0,tes
25,3049.0,tes
26,3211.0,syn
27,3386.0,tes
28,3389.0,syn
29,3611.0,tes
30,3614.0,syn
31,3956.0,syn
32,4225.0,tes
33,4492.0,syn
34,4669.0,syn
35,4789.0,syn
36,4920.0,syn
37,5057.0,tes
38,5133.0,syn
39,5454.0,syn
40,5516.0,syn
41,5772.0,syn
42,6022.0,syn
43,7217.0,syn
44,7283.0,tes
45,7341.0,syn
46,7402.0,tes
47,7491.0,syn
48,7614.0,tes
49,7634.0,syn
50,7704.0,syn
51,7774.0,syn
52,7978.0,syn
53,8098.0,tes
54,8133.0,syn
55,8248.0,syn
56,8273.0,tes
57,8379.0,syn
58,8387.0,syn
59,8399.0,syn
60,8491.0,syn
61,8767.0,syn
62,9188.0,tes
63,9292.0,syn
64,9420.0,syn
65,9447.0,tes
66,9660.0,syn
67,9792.0,syn
68,9828.0,syn
69,9945.0,syn
70,10142.0,tes
71,10241.0,syn
72,10331.0,tes
73,10368.0,syn
74,10724.0,syn
75,10862.0,syn
76,10868.0,syn
77,10890.0,tes
78,10989.0,syn
79,11002.0,tes
80,11045.0,syn
81,11225.0,tes
82,11345.0,tes
83,11381.0,tes
84,11448.0,tes
85,11476.0,tes
86,11911.0,syn
87,11913.0,syn
88,12096.0,syn
89,12251.0,tes
90,12264.0,syn
91,12302.0,tes
92,12596.0,syn
93,12799.0,syn
94,12865.0,syn
95,12886.0,syn
96,13072.0,syn
97,13073.0,syn
98,13172.0,syn
99,13270.0,syn
100,13372.0,syn
101,13460.0,tes
102,13463.0,syn
103,13715.0,syn
104,13750.0,syn
105,13852.0,syn
106,13886.0,tes
107,13915.0,syn
108,14005.0,syn
109,14215.0,syn
110,14239.0,syn
111,14287.0,syn
112,14321.0,syn
113,15130.0,tes
114,15490.0,tes
115,15874.0,syn
116,15929.0,syn
117,16019.0,tes
118,16076.0,tes
119,16081.0,syn
120,16360.0,syn
121,16435.0,syn
122,16445.0,syn
123,16710.0,tes
124,16712.0,tes
125,16987.0,syn
126,17035.0,syn
127,17105.0,syn
128,17108.0,tes
129,17438.0,syn
130,17664.0,syn
131,17672.0,tes
132,17972.0,syn
133,17982.0,syn
134,18106.0,syn
135,18129.0,syn
136,18155.0,syn
137,18289.0,syn
138,18453.0,tes
139,18496.0,syn
140,18541.0,syn
141,18637.0,syn
142,18652.0,syn
143,18659.0,syn
144,18887.0,syn
145,19106.0,syn
146,19116.0,syn
147,19279.0,syn
148,20402.0,tes
149,20479.0,tes
150,20752.0,syn
151,20764.0,syn
152,20843.0,syn
153,20873.0,syn
154,21331.0,tes
155,21428.0,syn
156,21594.0,syn
157,21805.0,tes
158,21810.0,syn
159,21847.0,syn
160,21948.0,syn
161,22071.0,syn
162,22115.0,syn
163,22154.0,syn
164,22229.0,syn
165,22275.0,syn
166,22299.0,syn
167,22869.0,syn
168,22982.0,syn
169,23063.0,syn
170,23234.0,syn
171,23487.0,tes
172,23558.0,syn
173,23644.0,syn
174,23651.0,syn
175,23754.0,syn
176,23769.0,syn
177,23828.0,syn
178,24063.0,tes
179,24188.0,syn
180,24407.0,tes
181,24467.0,syn
182,24563.0,tes
183,24601.0,syn
184,24736.0,tes
185,24778.0,syn
186,24862.0,syn
187,24891.0,syn
188,24903.0,syn
189,24993.0,tes
190,25277.0,tes
191,25298.0,syn
192,25431.0,syn
193,25475.0,tes
194,25491.0,syn
195,25557.0,syn
196,25653.0,syn
197,25680.0,syn
198,25725.0,tes
199,25985.0,syn
200,26259.0,syn
201,26313.0,syn
202,26542.0,syn
203,26906.0,syn
204,26938.0,syn
205,26999.0,syn
206,27192.0,tes
207,27337.0,syn
208,27394.0,syn
209,27641.0,syn
210,27672.0,syn
211,27676.0,syn
212,27897.0,syn
213,27900.0,syn
214,28033.0,syn
215,28095.0,syn
216,28146.0,syn
217,28186.0,syn
218,28600.0,syn
219,28731.0,syn
220,28738.0,syn
221,28768.0,syn
222,28916.0,syn
223,28992.0,tes
224,29034.0,syn
225,29311.0,syn
226,29315.0,syn
227,29614.0,syn
228,29810.0,syn
229,29899.0,tes
230,30330.0,syn
231,30362.0,syn
232,30479.0,tes
233,30574.0,tes
234,30603.0,tes
235,30672.0,syn
236,31003.0,syn
237,31158.0,syn
238,31170.0,syn
239,31254.0,syn
240,31425.0,syn
241,31631.0,syn
242,31673.0,tes
243,31685.0,tes
244,32016.0,syn
245,32129.0,syn
246,32465.0,syn
247,32495.0,syn
248,32536.0,syn
249,32550.0,tes
250,32606.0,syn
251,32789.0,tes
252,32873.0,syn
253,33108.0,syn
254,33132.0,syn
255,33143.0,syn
256,33207.0,syn
257,33220.0,syn
258,33298.0,tes
259,33308.0,syn
260,33335.0,syn
261,33339.0,syn
262,33391.0,syn
263,33506.0,syn
264,33544.0,syn
265,33644.0,tes
266,33775.0,syn
267,33805.0,tes
268,33835.0,syn
269,33926.0,tes
270,34176.0,syn
271,34259.0,syn
272,34341.0,tes
273,34471.0,tes
274,34545.0,tes
275,34762.0,tes
276,35144.0,syn
277,35331.0,tes
278,35362.0,tes
279,35495.0,syn
280,35567.0,syn
281,35668.0,syn
282,35676.0,syn
283,36201.0,syn
284,36281.0,tes
285,36745.0,syn
286,37073.0,tes
287,37157.0,syn
288,37436.0,syn
289,37471.0,syn
290,37668.0,tes
291,38247.0,tes
292,38850.0,syn
293,39038.0,syn
294,39221.0,tes
295,39314.0,syn
296,39345.0,syn
297,39351.0,syn
298,39470.0,tes
299,39542.0,syn
300,39702.0,tes
301,39786.0,tes
302,39872.0,syn
303,39900.0,syn
304,39930.0,syn
305,39931.0,tes
306,40187.0,syn
307,40306.0,tes
308,40334.0,syn
309,40472.0,tes
310,40490.0,syn
311,40603.0,syn
312,40753.0,syn
313,40876.0,syn
314,40895.0,syn
315,41195.0,syn
316,41208.0,syn
317,41386.0,syn
318,41499.0,syn
319,41970.0,syn
320,42036.0,syn
321,42112.0,syn
322,42134.0,syn
323,42199.0,syn
324,42260.0,tes
325,42393.0,tes
326,42450.0,tes
327,42640.0,syn
328,42714.0,tes
329,42818.0,syn
330,43125.0,syn
331,43460.0,syn
332,43655.0,syn
333,43674.0,syn
334,43768.0,syn
335,43859.0,syn
336,43986.0,syn
337,44056.0,tes
338,44438.0,syn
339,44480.0,syn
340,44617.0,syn
341,44760.0,syn
342,44763.0,syn
343,44830.0,syn
344,44904.0,syn
345,45473.0,tes
346,45960.0,syn
347,46016.0,syn
348,46205.0,syn
349,46262.0,syn
350,46392.0,syn
351,46456.0,syn
352,46520.0,syn
353,47114.0,syn
354,47232.0,syn
355,47559.0,syn
356,47571.0,syn
357,47738.0,syn
358,48120.0,tes
359,48523.0,tes
360,48727.0,tes
361,49060.0,syn
362,49243.0,tes
363,49277.0,tes
364,49443.0,tes
365,49546.0,syn
366,49650.0,syn
367,49965.0,syn
368,50055.0,syn
369,50148.0,tes
370,50292.0,tes
371,50492.0,syn
372,50520.0,syn
373,50848.0,syn
374,50984.0,tes
375,51115.0,syn
376,51333.0,tes
377,51406.0,syn
378,51417.0,syn
379,51438.0,tes
380,51472.0,syn
381,51730.0,syn
382,51824.0,syn
383,52132.0,syn
384,52159.0,syn
385,52329.0,syn
386,52590.0,syn
387,52634.0,syn
388,52646.0,tes
389,52706.0,syn
390,52736.0,syn
391,52890.0,tes
392,53111.0,syn
393,53147.0,syn
394,53176.0,syn
395,53239.0,syn
396,53411.0,tes
397,53627.0,syn
398,53696.0,syn
399,53837.0,syn
400,53895.0,tes
401,53920.0,syn
402,53973.0,syn
403,54078.0,syn
404,54117.0,tes
405,54134.0,syn
406,54138.0,syn
407,54144.0,syn
408,54168.0,syn
409,54283.0,syn
410,54635.0,syn
411,54658.0,tes
412,54832.0,syn
413,54850.0,tes
414,54979.0,syn
415,55075.0,syn
416,55288.0,tes
417,55556.0,syn
418,55624.0,tes
419,55671.0,syn
420,55858.0,syn
421,55923.0,syn
422,55928.0,syn
423,56132.0,syn
424,56173.0,syn
425,56178.0,syn
426,56312.0,syn
427,56330.0,syn
428,56349.0,tes
429,56424.0,syn
430,56504.0,tes
431,56660.0,syn
432,56723.0,syn
433,56731.0,syn
434,56768.0,syn
435,56914.0,syn
436,56924.0,syn
437,56981.0,syn
438,56995.0,syn
439,57014.0,tes
440,57081.0,syn
441,57130.0,syn
442,57227.0,tes
443,57275.0,syn
444,57334.0,syn
445,57468.0,syn
446,57473.0,syn
447,57632.0,syn
448,57668.0,syn
449,57838.0,tes
450,58029.0,tes
451,58097.0,syn
452,58293.0,tes
453,58652.0,syn
454,58688.0,tes
455,58818.0,syn
456,58826.0,syn
457,58898.0,syn
458,58953.0,syn
459,58962.0,syn
460,59164.0,syn
461,59296.0,syn
462,59300.0,syn
463,59471.0,syn
464,60055.0,syn
465,60069.0,syn
466,60117.0,syn
467,60143.0,syn
468,60252.0,syn
469,60350.0,syn
470,60806.0,syn
471,60815.0,syn
472,61339.0,syn
473,61565.0,syn
474,61746.0,syn
475,61782.0,syn
476,61845.0,syn
477,62161.0,syn
478,62168.0,syn
479,62301.0,syn
480,62454.0,syn
481,62705.0,tes
482,62818.0,tes
483,62920.0,syn
484,63005.0,tes
485,63023.0,syn
486,63196.0,syn
487,63472.0,syn
488,63473.0,tes
489,63977.0,syn
490,64267.0,syn
491,64754.0,syn
492,64816.0,syn
493,64852.0,syn
494,64913.0,tes
495,65036.0,tes
496,65224.0,syn
497,65301.0,tes
498,65542.0,tes
499,65921.0,syn
500,66195.0,syn
501,66408.0,syn
502,66411.0,syn
503,66596.0,syn
504,66671.0,syn
505,66869.0,tes
506,66984.0,syn
507,67017.0,tes
508,67034.0,syn
509,67600.0,syn
510,67804.0,syn
511,68030.0,syn
512,68123.0,tes
513,68160.0,syn
514,68580.0,syn
515,68675.0,syn
516,68684.0,syn
517,68718.0,syn
518,68758.0,tes
519,69195.0,tes
520,69219.0,syn
521,69556.0,tes
522,69667.0,tes
523,69714.0,syn
524,69772.0,syn
525,69847.0,syn
526,69858.0,tes
527,69904.0,syn
528,69921.0,tes
529,69923.0,syn
530,69974.0,syn
531,70053.0,tes
532,70227.0,syn
533,70412.0,syn
534,70511.0,syn
535,70893.0,syn
536,71015.0,syn
537,71208.0,syn
538,71310.0,tes
539,71359.0,tes
540,71366.0,syn
541,71510.0,syn
542,71696.0,syn
543,72077.0,syn
544,72183.0,tes
545,72448.0,syn
546,72663.0,syn
547,72739.0,syn
548,72955.0,syn
549,73068.0,syn
550,73498.0,syn
551,73656.0,syn
552,73767.0,tes
553,73858.0,tes
554,73897.0,syn
555,73950.0,syn
556,74309.0,tes
557,74773.0,syn
558,74921.0,syn
559,75203.0,syn
560,75213.0,syn
561,75685.0,syn
562,75866.0,syn
563,76011.0,syn
564,76051.0,syn
565,76079.0,syn
566,76156.0,tes
567,76514.0,tes
568,76562.0,syn
569,76691.0,syn
570,76852.0,syn
571,76864.0,syn
572,76931.0,syn
573,77164.0,syn
574,77179.0,syn
575,77202.0,tes
576,77298.0,syn
577,77307.0,tes
578,77320.0,syn
579,77353.0,syn
580,77407.0,tes
581,77511.0,syn
582,78131.0,tes
583,78225.0,syn
584,78234.0,syn
585,78420.0,tes
586,78520.0,syn
587,78565.0,tes
588,78736.0,syn
589,79003.0,syn
590,79248.0,syn
591,79303.0,syn
592,79463.0,syn
593,79534.0,tes
594,79738.0,syn
595,79905.0,syn
596,80191.0,tes
597,80222.0,syn
598,80250.0,syn
599,80487.0,syn
600,80827.0,syn
601,81034.0,tes
602,81152.0,syn
603,81202.0,syn
604,81220.0,syn
605,81363.0,syn
606,81446.0,tes
607,81497.0,tes
608,81502.0,syn
609,81565.0,syn
610,81826.0,tes
611,82049.0,tes
612,82258.0,tes
613,82331.0,syn
614,82479.0,syn
615,82650.0,syn
616,82768.0,syn
617,82877.0,syn
618,82919.0,syn
619,83438.0,tes
620,83460.0,tes
621,83546.0,syn
622,83640.0,tes
623,83656.0,syn
624,83740.0,syn
625,83772.0,syn
626,83972.0,syn
627,83996.0,tes
628,84189.0,syn
629,84203.0,syn
630,84431.0,syn
631,84683.0,tes
632,84707.0,syn
633,84933.0,syn
634,85259.0,syn
635,85480.0,syn
636,85821.0,syn
637,85877.0,syn
638,85895.0,syn
639,86017.0,syn
640,86044.0,tes
641,86133.0,tes
642,86380.0,syn
643,86402.0,syn
644,86587.0,syn
645,86623.0,syn
646,86733.0,syn
647,86746.0,tes
648,86855.0,syn
649,86866.0,syn
650,86960.0,syn
651,86973.0,tes
652,87054.0,syn
653,87120.0,syn
654,87184.0,syn
655,87326.0,syn
656,87393.0,syn
657,87408.0,syn
658,87422.0,tes
659,87424.0,syn
660,87447.0,syn
661,87509.0,syn
662,87510.0,syn
663,87528.0,tes
664,87671.0,tes
665,87820.0,syn
666,87824.0,syn
667,87864.0,syn
668,87865.0,syn
669,87920.0,syn
670,87931.0,syn
671,88261.0,syn
672,88366.0,syn
673,88737.0,syn
674,88803.0,syn
675,88891.0,syn
676,88899.0,syn
677,88914.0,tes
678,88971.0,syn
679,89105.0,syn
680,89155.0,syn
681,89209.0,syn
682,89741.0,syn
683,89996.0,tes
684,90539.0,tes
685,90574.0,syn
686,90735.0,syn
687,90760.0,syn
688,90797.0,tes
689,90938.0,tes
690,91025.0,syn
691,91122.0,tes
692,91130.0,tes
693,91183.0,syn
694,91190.0,syn
695,91211.0,syn
696,91223.0,syn
697,91228.0,syn
698,91439.0,syn
699,91443.0,syn
700,91504.0,syn
701,91507.0,syn
702,91555.0,tes
703,91593.0,syn
704,91665.0,tes
705,91711.0,syn
706,91767.0,syn
707,91896.0,syn
708,91983.0,tes
709,91990.0,syn
710,91995.0,syn
711,92014.0,syn
712,92034.0,tes
713,92041.0,syn
714,92083.0,syn
715,92105.0,syn
716,92134.0,tes
717,92151.0,syn
718,92229.0,syn
719,92236.0,syn
720,92429.0,syn
721,92438.0,syn
722,92474.0,syn
723,92624.0,syn
724,92776.0,syn
725,92783.0,syn
726,92977.0,tes
727,92995.0,tes
728,93087.0,syn
729,93212.0,syn
730,93281.0,syn
731,93305.0,syn
732,93352.0,syn
733,93356.0,syn
734,93585.0,tes
735,93731.0,syn
736,93810.0,syn
737,93833.0,syn
738,93988.0,syn
739,94011.0,syn
740,94204.0,tes
741,94213.0,tes
742,94320.0,tes
743,94376.0,syn
744,94425.0,syn
745,94434.0,syn
746,94485.0,syn
747,94486.0,syn
748,94557.0,tes
749,94664.0,syn
750,94725.0,syn
751,94766.0,syn
752,94771.0,syn
753,94938.0,syn
754,94986.0,tes
755,95180.0,tes
756,95233.0,syn
757,95289.0,syn
758,95419.0,tes
759,95474.0,tes
760,95494.0,syn
761,95536.0,tes
762,95644.0,syn
763,95685.0,tes
764,95747.0,syn
765,95757.0,syn
766,95817.0,syn
767,95982.0,syn
768,96227.0,syn
769,96279.0,syn
770,96355.0,syn
771,96520.0,syn
772,96537.0,syn
773,96700.0,syn
774,96764.0,syn
775,96865.0,syn
776,96888.0,syn
777,97103.0,syn
778,97237.0,syn
779,97318.0,syn
780,97337.0,syn
781,97384.0,syn
782,97435.0,syn
783,97474.0,tes
784,97611.0,syn
785,97742.0,syn
786,97853.0,syn
787,98104.0,syn
788,98149.0,tes
789,98190.0,syn
790,98265.0,syn
791,98313.0,tes
792,98332.0,syn
793,98689.0,syn
794,98693.0,tes
795,98773.0,syn
796,98824.0,syn
797,98957.0,syn
798,99020.0,syn
799,99029.0,syn
800,99425.0,syn
801,99531.0,syn
802,99980.0,syn
